0, 2051328, 5.371549, 45, 0.000000
0, 2051412, 5.426419, 46, 0.365800
0, 2051496, 5.495007, 46, 0.617291
0, 2051580, 5.486777, 45, 0.460910
0, 2051664, 5.508725, 46, 0.457252
0, 2051748, 5.524402, 45, 0.436722
0, 2051832, 5.505295, 47, 0.334366
0, 2051915, 5.499580, 47, 0.284512
0, 2051999, 5.527930, 46, 0.312761
0, 2052083, 5.528678, 46, 0.285688
0, 2052167, 5.529301, 46, 0.262920
0, 2052252, 5.517166, 45, 0.224027
0, 2052337, 5.547919, 46, 0.251956
0, 2052422, 5.574570, 46, 0.270695
0, 2052507, 5.556738, 45, 0.231486
0, 2052591, 5.560369, 46, 0.222141
0, 2052675, 5.563596, 46, 0.213386
0, 2052759, 5.562152, 45, 0.200635
0, 2052843, 5.560853, 45, 0.189303
0, 2052927, 5.559677, 47, 0.179169
0, 2053011, 5.554867, 47, 0.166652
0, 2053095, 5.546896, 45, 0.152476
0, 2053179, 5.560167, 45, 0.157181
0, 2053262, 5.572376, 47, 0.160661
0, 2053345, 5.577314, 45, 0.158281
0, 2053429, 5.578838, 46, 0.153547
0, 2053513, 5.565556, 45, 0.138576
0, 2053597, 5.570219, 46, 0.137013
0, 2053681, 5.563596, 45, 0.128031
0, 2053765, 5.557401, 45, 0.119905
0, 2053849, 5.561882, 46, 0.118958
0, 2053932, 5.568584, 47, 0.119415
0, 2054015, 5.574893, 44, 0.119614
0, 2054099, 5.573786, 45, 0.115564
0, 2054183, 5.586459, 46, 0.119394
0, 2054267, 5.591773, 45, 0.119040
0, 2054448, 5.596808, 46, 0.118557
0, 2054533, 5.603694, 47, 0.119049
0, 2054617, 5.606121, 47, 0.117286
0, 2054701, 5.610237, 46, 0.119344
0, 2054785, 5.614352, 45, 0.121401
0, 2054869, 5.612294, 44, 0.092937
0, 2054953, 5.608179, 46, 0.056586
0, 2055037, 5.616409, 45, 0.064816
0, 2055121, 5.608179, 47, 0.049727
0, 2055204, 5.608179, 45, 0.041888
0, 2055287, 5.614352, 46, 0.054528
0, 2055371, 5.614352, 46, 0.057386
0, 2055454, 5.610236, 45, 0.041153
0, 2055538, 5.606121, 46, 0.038722
0, 2055622, 5.593776, 44, 0.032237
0, 2055706, 5.591718, 44, 0.037276
0, 2055790, 5.622586, 44, 0.037334
0, 2055874, 5.659627, 46, 0.042529
0, 2055957, 5.772820, 45, 0.108041
0, 2056041, 5.910719, 45, 0.175175
0, 2056125, 6.100093, 46, 0.268248
0, 2056209, 6.369784, 44, 0.403816
0, 2056294, 6.736302, 43, 0.587725
0, 2056379, 7.224421, 46, 0.832372
0, 2056464, 7.807381, 46, 1.126257
0, 2056549, 8.466650, 45, 1.459877
0, 2056633, 9.212608, 45, 1.826221
0, 2056717, 10.082413, 44, 2.255019
0, 2056801, 11.098828, 45, 2.760757
0, 2056885, 12.259876, 45, 3.340519
0, 2056969, 13.582136, 45, 4.008290
0, 2057053, 15.053410, 46, 4.741596
0, 2057137, 16.698514, 44, 5.567459
0, 2057221, 18.523827, 46, 6.483213
0, 2057305, 20.519172, 44, 7.478645
0, 2057418, 22.775930, 44, 8.603673
0, 2057503, 25.232024, 45, 9.828565
0, 2057588, 27.910410, 46, 11.168312
0, 2057673, 30.809397, 45, 12.611469
0, 2057758, 33.941465, 43, 14.174846
0, 2057897, 37.392370, 46, 15.897781
0, 2057981, 41.035213, 45, 17.715759
0, 2058065, 44.874222, 44, 19.634051
0, 2058149, 49.032871, 45, 21.711317
0, 2058233, 53.247979, 45, 23.816814
0, 2058417, 57.779027, 43, 26.083367
0, 2058502, 62.605511, 45, 28.498666
0, 2058587, 67.633431, 41, 31.008511
0, 2058673, 72.881473, 32, 33.636647
0, 2058758, 78.278802, 30, 36.335311
0, 2058842, 83.835845, 36, 39.110746
0, 2058926, 89.594682, 41, 41.990165
0, 2059011, 95.540916, 43, 44.965340
0, 2059095, 101.647058, 36, 48.020468
0, 2059179, 107.970065, 32, 51.188144
0, 2059263, 114.537904, 29, 54.473093
0, 2059347, 121.223071, 36, 57.800243
0, 2059431, 128.073165, 41, 61.206769
0, 2059514, 135.034784, 43, 64.630982
0, 2059598, 142.136908, 35, 68.113094
0, 2059682, 149.382291, 31, 71.641099
0, 2059766, 156.687087, 28, 75.158652
0, 2059850, 164.007365, 35, 78.635531
0, 2059934, 171.373538, 42, 82.074559
0, 2060018, 178.806042, 44, 85.499331
0, 2060102, 186.317138, 33, 88.925244
0, 2060186, 193.884258, 30, 92.335825
0, 2060270, 201.478430, 29, 95.698009
0, 2060353, 209.059823, 36, 98.980497
0, 2060437, 216.666731, 42, 102.203427
0, 2060521, 224.295174, 42, 105.356519
0, 2060605, 231.896473, 33, 108.421532
0, 2060689, 239.483512, 31, 111.392499
0, 2060773, 247.003373, 30, 114.239773
0, 2060857, 254.483663, 36, 116.982245
0, 2060941, 261.828570, 40, 119.526320
0, 2061026, 269.102293, 42, 121.935135
0, 2061110, 276.245365, 33, 124.167477
0, 2061194, 283.262369, 29, 126.226486
0, 2061278, 290.187193, 30, 128.122864
0, 2061362, 296.912997, 37, 129.760313
0, 2061446, 303.601080, 42, 131.282934
0, 2061530, 310.199918, 42, 132.662848
0, 2061614, 316.596797, 33, 133.781963
0, 2061698, 323.042255, 31, 134.897138
0, 2061782, 329.285345, 28, 135.753159
0, 2061866, 335.340359, 38, 136.367424
0, 2061950, 341.288641, 41, 136.827605
0, 2062034, 347.136507, 41, 137.127517
0, 2062117, 352.917072, 34, 137.319135
0, 2062200, 358.626021, 31, 137.395088
0, 2062284, 364.231870, 30, 137.318594
0, 2062368, 369.736518, 37, 137.097801
0, 2062452, 375.184231, 41, 136.768586
0, 2062536, 380.496469, 42, 136.263202
0, 2062620, 385.654563, 33, 135.558329
0, 2062704, 390.736284, 29, 134.756606
0, 2062788, 395.730910, 29, 133.828872
0, 2062872, 400.640509, 37, 132.802862
0, 2062955, 405.449947, 39, 131.656520
0, 2063039, 410.140111, 42, 130.378910
0, 2063123, 414.772399, 33, 129.042656
0, 2063207, 419.361410, 29, 127.677022
0, 2063291, 423.851975, 28, 126.239218
0, 2063375, 428.261129, 38, 124.727543
0, 2063459, 432.584371, 42, 123.133616
0, 2063544, 436.819503, 43, 121.467622
0, 2063629, 440.964219, 33, 119.742895
0, 2063714, 445.039718, 29, 117.989948
0, 2063799, 449.003317, 28, 116.168293
0, 2063883, 452.859307, 38, 114.282066
0, 2063967, 456.632973, 40, 112.368250
0, 2064051, 460.302875, 43, 110.409681
0, 2064135, 463.913821, 31, 108.455224
0, 2064219, 467.431507, 28, 106.473922
0, 2064303, 470.873038, 27, 104.522234
0, 2064387, 474.231865, 39, 102.564786
0, 2064471, 477.557174, 40, 100.655904
0, 2064555, 480.812411, 44, 98.775021
0, 2064639, 483.971896, 30, 96.892352
0, 2064723, 487.057043, 30, 95.072023
0, 2064807, 490.018406, 28, 93.208663
0, 2064891, 492.924621, 41, 91.362351
0, 2064975, 495.747606, 41, 89.575404
0, 2065059, 498.487222, 43, 87.722483
0, 2065143, 501.152164, 33, 85.933410
0, 2065227, 503.729363, 29, 84.194502
0, 2065311, 506.236031, 28, 82.473695
0, 2065395, 508.661354, 38, 80.762423
0, 2065478, 511.018141, 41, 79.050534
0, 2065563, 513.308511, 42, 77.341245
0, 2065647, 515.523818, 30, 75.645974
0, 2065731, 517.663994, 29, 73.963738
0, 2065815, 519.724721, 29, 72.270245
0, 2065899, 521.736145, 39, 70.619838
0, 2065983, 523.648538, 41, 68.996987
0, 2066067, 525.496507, 43, 67.380111
0, 2066151, 527.256132, 32, 65.762611
0, 2066235, 528.933908, 30, 64.146700
0, 2066319, 530.542741, 27, 62.546397
0, 2066403, 531.913476, 41, 60.886682
0, 2066487, 533.351870, 42, 59.289735
0, 2066571, 534.706048, 42, 57.672319
0, 2066655, 535.986838, 32, 56.067432
0, 2066739, 537.187755, 29, 54.463313
0, 2066823, 538.313067, 29, 52.864348
0, 2066907, 539.371429, 40, 51.275963
0, 2066991, 540.362802, 41, 49.699291
0, 2067075, 541.289338, 42, 48.124810
0, 2067159, 542.140167, 31, 46.568425
0, 2067243, 542.915304, 28, 45.027999
0, 2067327, 543.625539, 29, 43.496283
0, 2067411, 544.268683, 39, 41.982904
0, 2067495, 544.838240, 41, 40.462210
0, 2067579, 545.338518, 42, 38.953505
0, 2067663, 545.758684, 31, 37.442823
0, 2067747, 546.113894, 28, 35.941014
0, 2067831, 546.399814, 30, 34.421320
0, 2067915, 546.620756, 40, 32.904172
0, 2067999, 546.772385, 42, 31.400244
0, 2068083, 546.843869, 39, 29.893413
0, 2068167, 546.848201, 31, 28.414898
0, 2068252, 546.768051, 30, 26.921715
0, 2068337, 546.681394, 32, 25.466894
0, 2068422, 546.594729, 41, 24.053753
0, 2068507, 546.462557, 43, 22.655197
0, 2068591, 546.395374, 37, 21.333006
0, 2068675, 546.261009, 29, 20.012489
0, 2068759, 545.949013, 29, 18.643830
0, 2068843, 545.548219, 35, 17.265039
0, 2068927, 545.121413, 41, 15.906451
0, 2069011, 544.688081, 43, 14.582131
0, 2069095, 544.250393, 37, 13.293200
0, 2069179, 543.710937, 30, 11.993108
0, 2069263, 543.093524, 28, 10.678690
0, 2069347, 542.528051, 36, 9.439757
0, 2069431, 542.155228, 43, 8.329361
0, 2069515, 541.520462, 44, 7.132165
0, 2069599, 540.632646, 35, 5.849369
0, 2069682, 539.991368, 30, 4.724314
0, 2069765, 539.091135, 29, 3.588829
0, 2069849, 538.144999, 35, 2.396565
0, 2069933, 537.112496, 42, 1.203224
0, 2070017, 536.038969, 44, 0.026065
0, 2070101, 534.894186, 36, -1.146785
0, 2070185, 533.753760, 30, -2.279653
0, 2070269, 532.606856, 30, -3.382287
1, 2070898, 531.129851, 39, -4.616475
1, 2073750, 528.673619, 27, -6.307860
1, 2076645, 525.088077, 29, -8.526045
1, 2076729, 521.485578, 26, -10.714863
1, 2076813, 517.787057, 26, -12.919241
1, 2076897, 514.082402, 36, -15.093141
1, 2076981, 510.429320, 39, -17.204460
1, 2077065, 506.757339, 40, -19.290589
1, 2077149, 503.060116, 30, -21.349284
1, 2077233, 499.089838, 27, -23.512028
1, 2077317, 495.297020, 26, -25.551397
1, 2077401, 491.502478, 38, -27.559139
1, 2077485, 487.712649, 39, -29.529868
1, 2077569, 484.036499, 40, -31.403685
1, 2077653, 480.348027, 28, -33.250087
1, 2077737, 476.600302, 29, -35.083875
1, 2077821, 472.719909, 26, -36.980742
1, 2077904, 468.753852, 37, -38.920438
1, 2077988, 464.813525, 40, -40.824516
1, 2078072, 460.846276, 41, -42.774549
1, 2078156, 456.809194, 28, -44.725908
1, 2078240, 452.913065, 27, -46.517974
1, 2078324, 449.041399, 26, -48.253410
1, 2078408, 445.195388, 37, -49.963013
1, 2078492, 441.338521, 41, -51.674780
1, 2078576, 437.451637, 40, -53.399378
1, 2078660, 433.608656, 30, -55.051141
1, 2078744, 429.749422, 28, -56.672051
1, 2078828, 425.797788, 28, -58.365132
1, 2078912, 421.550800, 37, -60.302214
1, 2078996, 417.420993, 39, -62.049735
1, 2079080, 413.550546, 40, -63.541050
1, 2079163, 409.348315, 29, -65.321526
1, 2079247, 405.546390, 28, -66.772372
1, 2079331, 401.640784, 30, -68.252107
1, 2079415, 397.747344, 39, -69.682576
1, 2079499, 393.863094, 40, -71.087937
1, 2079583, 390.013975, 38, -72.440105
1, 2079667, 386.175556, 29, -73.789102
1, 2079752, 382.328724, 27, -75.139066
1, 2079837, 378.795102, 30, -76.167374
1, 2079922, 376.236537, 40, -76.218541
1, 2080007, 374.792771, 39, -75.147653
1, 2080091, 373.304508, 38, -74.090535
1, 2080175, 371.904019, 30, -72.941519
1, 2080259, 370.499416, 28, -71.791493
1, 2080343, 368.964993, 33, -70.732163
1, 2080426, 367.437197, 38, -69.660071
1, 2080510, 366.052069, 40, -68.504023
1, 2080594, 364.938251, 33, -67.075794
1, 2080678, 363.507103, 29, -65.894958
1, 2080762, 362.141960, 28, -64.680259
1, 2080846, 360.713243, 35, -63.499703
1, 2080930, 359.156680, 39, -62.439909
1, 2081015, 357.729910, 40, -61.309058
1, 2081099, 356.220891, 33, -60.189705
1, 2081183, 354.776152, 30, -58.971879
1, 2081266, 353.391173, 28, -57.681340
1, 2081350, 352.065523, 33, -56.374001
1, 2081434, 350.633444, 39, -55.106416
1, 2081518, 349.295302, 41, -53.756946
1, 2081602, 347.876599, 33, -52.518233
1, 2081687, 346.568435, 29, -51.236482
1, 2081771, 345.094709, 28, -50.050340
1, 2081855, 343.548881, 34, -48.894820
1, 2081939, 341.958656, 39, -47.746490
1, 2082023, 340.389871, 40, -46.609392
1, 2082108, 338.842701, 34, -45.453360
1, 2082192, 337.355110, 28, -44.221339
1, 2082276, 335.956960, 27, -42.796920
1, 2082360, 334.697313, 35, -41.361840
1, 2082444, 333.359220, 39, -40.095663
1, 2082528, 332.057550, 42, -38.645383
1, 2082612, 330.768694, 32, -37.388848
1, 2082696, 329.397260, 30, -36.121762
1, 2082780, 327.907795, 29, -34.919775
1, 2082864, 326.719093, 36, -33.572001
1, 2082948, 325.441646, 39, -32.286164
1, 2083032, 324.140884, 41, -31.017336
1, 2083116, 322.795754, 33, -29.766485
1, 2083199, 321.433818, 30, -28.680642
1, 2083282, 320.067695, 27, -28.084421
1, 2083366, 318.691175, 36, -28.050798
1, 2083450, 317.346762, 41, -27.978873
1, 2083534, 315.991885, 40, -27.956067
1, 2083618, 314.628706, 32, -27.935355
1, 2083702, 313.323116, 27, -27.820939
1, 2083786, 312.000798, 27, -27.718200
1, 2083870, 310.599802, 37, -27.726134
1, 2083954, 309.196808, 40, -27.870721
1, 2084038, 307.927774, 40, -27.789665
1, 2084122, 306.519098, 30, -27.811431
1, 2084206, 305.163706, 29, -27.774768
1, 2084290, 303.827578, 28, -27.664551
1, 2084374, 302.326285, 37, -27.701813
1, 2084458, 300.969537, 39, -27.625677
1, 2084542, 299.617244, 42, -27.579454
1, 2084627, 298.199549, 31, -27.595812
1, 2084712, 296.688578, 27, -27.688472
1, 2084797, 295.163112, 28, -27.735166
1, 2084882, 293.544922, 37, -27.875190
1, 2084966, 291.956813, 41, -27.959893
1, 2085050, 290.260766, 41, -28.153834
1, 2085134, 288.746900, 29, -28.173904
1, 2085218, 287.254520, 28, -28.147181
1, 2085302, 285.859456, 28, -28.049600
1, 2085386, 284.413911, 38, -27.987980
1, 2085470, 282.949674, 41, -27.946513
1, 2085554, 281.506413, 41, -27.924348
1, 2085638, 280.016737, 31, -27.970112
1, 2085722, 278.506053, 28, -28.095630
1, 2085806, 228.099654, 26, -52.629783
1, 2085890, 226.751820, 38, -52.652865
1, 2085974, 225.094481, 39, -52.837107
1, 2086058, 223.397713, 43, -52.999774
1, 2086142, 221.866294, 31, -53.020750
1, 2086226, 220.331209, 29, -53.193942
1, 2086309, 218.847382, 28, -53.297132
1, 2086393, 217.332085, 47, -53.404399
1, 2086477, 215.842381, 50, -53.476686
1, 2086561, 214.329769, 51, -53.552025
1, 2086645, 212.789887, 34, -53.638904
1, 2086729, 211.250269, 30, -53.720453
1, 2086813, 209.662537, 29, -53.842112
1, 2086897, 208.028763, 42, -53.981561
1, 2086981, 206.462474, 43, -54.083116
1, 2087065, 204.761973, 43, -54.280571
1, 2087148, 203.101720, 31, -54.449539
1, 2087232, 201.330108, 30, -54.634847
1, 2087316, 199.638436, 29, -54.779186
1, 2087400, 197.999411, 41, -54.964181
1, 2087484, 196.274986, 44, -55.122056
1, 2087568, 194.544504, 48, -55.309601
1, 2087652, 192.896052, 33, -55.465763
1, 2087736, 191.329956, 29, -55.498165
1, 2087819, 189.799738, 28, -55.584900
1, 2087902, 188.257166, 45, -55.680039
1, 2087986, 186.813617, 49, -55.692966
1, 2088070, 185.164608, 51, -55.761985
1, 2088154, 183.486643, 33, -55.838235
1, 2088238, 181.935093, 32, -55.804914
1, 2088322, 180.427919, 30, -55.764447
1, 2088406, 178.920978, 47, -55.669894
1, 2088490, 177.344661, 51, -55.701120
1, 2088574, 175.751877, 50, -55.751321
1, 2088658, 174.058341, 51, -55.900558
1, 2088742, 172.377821, 53, -56.018045
1, 2088826, 170.942770, 54, -56.003452
1, 2088910, 169.476077, 53, -56.015168
1, 2088994, 166.976688, 52, -56.520024
1, 2089078, 165.499902, 38, -56.503075
1, 2089162, 212.959401, 33, -7.570127
1, 2089246, 211.310585, 31, -7.720618
1, 2089330, 209.927407, 33, -7.583537
1, 2089414, 208.605574, 95, -7.396069
1, 2089498, 207.344644, 794, -7.260825
2, 2089582, 205.720255, 445, -7.305477
3, 2089666, 204.073334, 318, -7.387024
3, 2089750, 202.432993, 405, -7.449546
3, 2089834, 200.822135, 794, -7.510123
3, 2089919, 199.245118, 860, -7.542325
3, 2090004, 197.793799, 864, -7.498044
3, 2090089, 196.265368, 827, -7.492451
3, 2090174, 194.787614, 816, -7.437461
3, 2090258, 193.372996, 813, -7.327883
3, 2090342, 191.935226, 791, -7.263624
3, 2090426, 190.686469, 816, -7.037752
3, 2090510, 189.339557, 812, -6.881081
3, 2090593, 188.166569, 804, -6.581769
3, 2090676, 186.893009, 811, -6.372713
3, 2090760, 185.550352, 789, -6.224530
3, 2090844, 184.382007, 682, -5.946490
3, 2090928, 183.172078, 773, -5.686213
3, 2091012, 181.838693, 825, -5.528679
3, 2091096, 180.392588, 834, -5.468684
3, 2091179, 178.865093, 781, -5.467322
3, 2091263, 177.427615, 795, -5.414776
3, 2091346, 175.956586, 804, -5.428515
3, 2091430, 174.689120, 812, -5.237744
3, 2091514, 173.495102, 800, -4.995770
3, 2091598, 172.261349, 809, -4.836872
3, 2091682, 171.017245, 803, -4.705337
3, 2091766, 169.825477, 811, -4.547750
3, 2091850, 168.604655, 810, -4.370003
3, 2091934, 167.450866, 815, -4.150506
3, 2092018, 166.309885, 809, -3.874228
3, 2092102, 165.181660, 809, -3.598080
3, 2092186, 163.846212, 813, -3.548279
3, 2092270, 162.477380, 803, -3.499349
3, 2092354, 162.162475, 807, -2.407107
3, 2092437, 160.829476, 808, -2.335213
3, 2092521, 159.494533, 811, -26.732434
3, 2092605, 158.255909, 813, -26.527338
3, 2092689, 157.042536, 812, -26.442436
3, 2092773, 155.862786, 809, -26.371394
3, 2092857, 154.649618, 816, -26.347513
3, 2092941, 153.526485, 817, -26.096885
3, 2093025, 152.489166, 818, -25.792084
3, 2093108, 151.464510, 810, -25.484241
3, 2093192, 150.429457, 814, -25.196339
3, 2093276, 149.402850, 817, -24.921134
3, 2093360, 148.275932, 818, -24.758933
3, 2093444, 147.224480, 816, -24.520444
3, 2093528, 146.212736, 817, -24.287439
3, 2093612, 145.194803, 815, -24.089096
3, 2093696, 144.141456, 811, -23.896885
3, 2093780, 143.056825, 808, -23.814822
3, 2093864, 142.053812, 812, -23.642872
3, 2093948, 140.954771, 809, -23.605899
3, 2094032, 139.876722, 803, -23.508143
3, 2094116, 138.830049, 805, -23.360151
3, 2094200, 137.773031, 804, -23.304488
3, 2094284, 136.780839, 802, -23.195620
3, 2094368, 135.824278, 805, -23.007208
3, 2094452, 134.972117, 804, -22.710236
3, 2094536, 134.182606, 799, -22.341243
3, 2094620, 133.328502, 800, -22.049556
3, 2094704, 132.470251, 798, -21.743167
3, 2094788, 131.599586, 803, -21.544767
3, 2094872, 130.733135, 802, -21.380983
3, 2094956, 129.866747, 801, -21.197301
3, 2095040, 129.012923, 807, -21.002161
3, 2095124, 128.127873, 808, -20.848802
3, 2095208, 127.288758, 807, -20.657948
3, 2095291, 126.428848, 810, -20.511009
3, 2095375, 125.602372, 809, -20.353756
3, 2095459, 124.798896, 812, -20.191382
3, 2095544, 124.003822, 812, -19.921195
3, 2095629, 123.219221, 813, -19.629079
3, 2095714, 122.434664, 812, -19.863905
3, 2095799, 121.654344, 816, -19.587566
3, 2095883, 120.899043, 818, -19.297745
3, 2095966, 120.108417, 817, -19.073746
3, 2096050, 119.338647, 816, -18.851944
3, 2096134, 118.579348, 815, -18.641719
3, 2096218, 117.813861, 811, -18.417878
3, 2096302, 117.050488, 813, -18.237998
3, 2096386, 116.282998, 810, -18.103084
3, 2096470, 115.532207, 811, -17.966151
3, 2096554, 114.783535, 806, -17.822961
3, 2096638, 114.026617, 806, -17.688116
3, 2096722, 113.269741, 803, -17.503095
3, 2096806, 112.550369, 806, -17.337056
3, 2096890, 111.785317, 796, -17.213710
3, 2096974, 111.034856, 806, -17.079973
3, 2097058, 110.294858, 805, -16.923299
3, 2097142, 109.546606, 800, -16.755110
3, 2097226, 108.804663, 802, -16.624575
3, 2097310, 108.066935, 803, -16.443918
3, 2097394, 107.345873, 795, -16.265425
3, 2097478, 106.612384, 800, -16.108833
3, 2097562, 105.887264, 794, -15.942883
3, 2097646, 105.166346, 794, -15.807246
3, 2097730, 104.480793, 797, -15.671742
3, 2097814, 103.768294, 802, -15.601911
3, 2097898, 103.047543, 799, -15.567532
3, 2097982, 102.339311, 800, -15.494595
3, 2098066, 101.624880, 802, -15.422686
3, 2098150, 100.908461, 800, -15.345563
3, 2098234, 100.173414, 797, -15.279861
3, 2098318, 99.446714, 800, -15.210017
3, 2098402, 98.722127, 806, -15.145398
3, 2098486, 97.995520, 800, -15.066176
3, 2098570, 97.283464, 803, -15.002647
3, 2098653, 96.573533, 799, -14.927658
3, 2098737, 95.874023, 791, -14.864175
3, 2098821, 95.157987, 788, -14.820454
3, 2098905, 94.450298, 785, -14.776762
3, 2098989, 93.736438, 787, -14.741392
3, 2099073, 93.024689, 787, -14.704987
3, 2099157, 92.329580, 800, -14.662382
3, 2099241, 91.630338, 796, -14.634352
3, 2099325, 90.951905, 784, -14.578256
3, 2099409, 90.254840, 783, -14.541903
3, 2099493, 89.561970, 776, -14.508689
3, 2099577, 88.867083, 774, -14.473389
3, 2099661, 88.176366, 774, -14.437061
3, 2099745, 87.481551, 778, -14.400723
3, 2099829, 86.797126, 800, -14.367541
3, 2099913, 86.110662, 792, -14.336436
3, 2099997, 85.438772, 800, -14.293923
3, 2100081, 84.773132, 803, -14.248305
3, 2100165, 84.088876, 802, -14.230746
3, 2100249, 83.423369, 801, -14.180974
3, 2100333, 82.753737, 795, -14.140560
3, 2100417, 82.086223, 802, -14.104318
3, 2100502, 81.416703, 796, -14.064951
3, 2100587, 80.767942, 800, -14.018360
3, 2100672, 80.119228, 798, -13.973854
3, 2100757, 79.464320, 799, -13.940777
3, 2100841, 78.821882, 800, -13.895251
3, 2100925, 78.185695, 801, -13.850785
3, 2101009, 77.535056, 803, -13.815645
3, 2101093, 76.886486, 798, -13.797153
3, 2101177, 76.260768, 794, -13.753763
3, 2101261, 75.637178, 796, -13.705183
3, 2101345, 75.023969, 799, -13.657671
3, 2101429, 74.402518, 800, -13.611181
3, 2101513, 73.805972, 797, -13.551244
3, 2101597, 73.223979, 800, -13.474718
3, 2101681, 72.627529, 800, -13.409593
3, 2101765, 72.033175, 808, -13.344476
3, 2101849, 71.443006, 808, -13.276257
3, 2101933, 70.834221, 809, -13.224621
3, 2102017, 70.227544, 819, -13.172995
3, 2102101, 69.622959, 827, -13.125532
3, 2102185, 69.006054, 826, -13.075967
3, 2102269, 68.401584, 824, -13.024357
3, 2102353, 67.797167, 817, -12.969635
3, 2102437, 67.194846, 817, -12.914921
3, 2102521, 66.586338, 812, -12.871621
3, 2102605, 65.979917, 811, -12.825211
3, 2102689, 65.361121, 800, -12.795392
3, 2102773, 64.763055, 798, -12.745893
3, 2102857, 64.169155, 798, -12.696407
3, 2102941, 63.579442, 793, -12.643821
3, 2103025, 62.979408, 799, -12.598479
3, 2103109, 62.393889, 803, -12.543831
3, 2103193, 61.798041, 803, -12.499542
3, 2103277, 61.206359, 812, -12.452151
3, 2103361, 60.596114, 801, -12.421329
3, 2103445, 59.994153, 808, -12.389490
3, 2103529, 59.404650, 807, -12.342113
3, 2103613, 58.817270, 810, -12.303050
3, 2103697, 58.227847, 810, -12.262945
3, 2103781, 57.659119, 811, -12.213552
3, 2103865, 57.092515, 811, -12.162094
3, 2103949, 56.519720, 814, -12.124111
3, 2104033, 55.942834, 812, -12.088197
3, 2104117, 55.368041, 811, -12.048139
3, 2104201, 54.789136, 817, -12.016373
3, 2104285, 54.222645, 819, -11.981525
3, 2104369, 53.680999, 820, -11.927028
3, 2104453, 53.133152, 819, -11.876667
3, 2104537, 52.593592, 817, -11.833588
3, 2104621, 52.052015, 821, -11.792581
3, 2104705, 51.520770, 820, -11.751599
3, 2104789, 50.993702, 814, -11.704408
3, 2104873, 50.443939, 819, -11.681016
3, 2104957, 49.904534, 816, -11.659723
3, 2105041, 49.381695, 815, -11.622917
3, 2105125, 48.867134, 816, -11.583020
3, 2105209, 48.367058, 816, -11.537974
3, 2105294, 47.875274, 829, -11.479474
3, 2105379, 47.379389, 815, -11.424078
3, 2105464, 46.864943, 816, -11.379008
3, 2105549, 46.385679, 821, -11.310187
3, 2105633, 45.885777, 816, -11.257904
3, 2105717, 45.400364, 825, -11.198402
3, 2105801, 44.917033, 818, -11.138907
3, 2105885, 44.425472, 821, -11.080433
3, 2105969, 43.921542, 827, -11.029187
3, 2106053, 43.430040, 824, -10.965541
3, 2106137, 42.928229, 821, -10.917413
3, 2106661, 42.354244, 828, -10.907456
3, 2106745, 41.792674, 827, -10.893384
3, 2106829, 41.229077, 828, -10.875166
3, 2106913, 40.661369, 829, -10.866260
3, 2106997, 40.085440, 828, -10.856300
3, 2107081, 39.515720, 829, -10.845320
3, 2107165, 38.956381, 825, -10.819867
3, 2107249, 38.382609, 825, -10.805772
3, 2107333, 37.812993, 819, -10.795829
3, 2107417, 37.251672, 822, -10.782799
3, 2107502, 36.696562, 819, -10.765642
3, 2107587, 36.118768, 820, -10.770175
3, 2107672, 35.549274, 818, -10.771621
3, 2107757, 34.963310, 816, -10.778205
3, 2107841, 34.395944, 815, -10.773445
3, 2107925, 33.824479, 818, -10.771781
3, 2108009, 33.265406, 808, -10.761865
3, 2108093, 32.683661, 812, -10.769492
3, 2108177, 32.091622, 811, -10.794689
3, 2108261, 31.491350, 811, -10.820901
3, 2108345, 30.880787, 809, -10.856403
3, 2108429, 30.276462, 809, -10.887777
3, 2108513, 29.659761, 806, -10.930505
3, 2108597, 29.057525, 800, -10.968089
3, 2108681, 28.467719, 799, -10.988110
3, 2108765, 27.869689, 795, -11.017423
3, 2108849, 27.269617, 795, -11.056039
3, 2108933, 26.659252, 796, -11.103941
3, 2109017, 26.038594, 794, -11.164232
3, 2109101, 25.411782, 796, -11.231746
3, 2109185, 24.791192, 793, -11.294098
3, 2109268, 24.183022, 796, -11.340961
3, 2109352, 23.574885, 798, -11.405397
3, 2109436, 22.983268, 801, -11.451255
3, 2109520, 22.383434, 797, -11.508465
3, 2109604, 21.781560, 802, -11.567737
3, 2109688, 21.177675, 802, -11.623898
3, 2109772, 20.573833, 799, -11.673855
3, 2109856, 19.978254, 799, -11.725893
3, 2109940, 19.386824, 798, -11.770702
3, 2110024, 18.859380, 798, -11.747432
3, 2110108, 18.323715, 799, -11.734479
3, 2110192, 17.792205, 801, -11.718436
3, 2110276, 17.256599, 801, -11.702385
3, 2110360, 16.731325, 801, -11.677057
3, 2110444, 16.189598, 803, -11.663061
3, 2110528, 15.664378, 804, -11.646002
3, 2110612, 15.147417, 806, -11.617596
3, 2110696, 14.626361, 804, -11.593316
3, 2110780, 14.103278, 806, -11.574197
3, 2110864, 13.578149, 805, -11.559207
3, 2110948, 13.055115, 806, -11.531827
3, 2111032, 12.542399, 806, -11.503438
3, 2111116, 12.037959, 807, -11.462675
3, 2111200, 11.531471, 805, -11.432237
3, 2111284, 11.022954, 806, -11.400763
3, 2111368, 10.504153, 805, -11.380627
3, 2111452, 9.993619, 806, -11.345021
3, 2111536, 9.491340, 808, -11.300141
3, 2111620, 8.982915, 807, -11.254218
3, 2111704, 8.480687, 810, -11.200050
3, 2111788, 8.013453, 812, -11.131504
3, 2111872, 7.538004, 803, -11.060879
3, 2111956, 7.068731, 814, -10.994397
3, 2112040, 6.611830, 813, -10.927945
3, 2112124, 6.185798, 835, -10.841945
3, 2112208, 5.747446, 810, -10.761086
3, 2112292, 5.296777, 804, -10.681237
3, 2112377, 4.881084, 797, -10.578755
3, 2112462, 4.483923, 736, -10.463929
3, 2112547, 4.099118, 799, -10.346037
3, 2112632, 3.720503, 800, -10.231259
3, 2112716, 3.352189, 812, -10.111348
3, 2112800, 2.992106, 811, -9.995581
3, 2112884, 2.650550, 812, -9.866442
3, 2112968, 2.319289, 812, -9.731135
3, 2113052, 2.004506, 814, -9.586584
3, 2113136, 1.706194, 813, -9.433820
3, 2113220, 1.418167, 814, -9.280043
3, 2113304, 1.134264, 814, -9.126280
3, 2113388, 0.872998, 812, -8.993191
3, 2113472, 0.626139, 811, -8.848788
3, 2113556, 0.389575, 812, -8.701315
3, 2113640, 0.169472, 813, -8.543563
3, 2113724, -0.044453, 813, -8.387889
3, 2113808, -0.235745, 810, -8.212671
3, 2113892, -0.416752, 810, -8.040565
3, 2113976, -0.595698, 808, -7.871557
3, 2114060, -0.752017, 808, -7.689189
3, 2114144, -0.904214, 803, -7.503746
3, 2114228, -1.054350, 795, -7.316250
3, 2114312, -1.183917, 789, -7.119516
3, 2114396, -1.303200, 788, -6.922799
3, 2114480, -1.410139, 787, -6.724049
3, 2114564, -1.504739, 790, -6.518105
3, 2114648, -1.584940, 789, -6.303947
3, 2114732, -1.646634, 788, -6.075393
3, 2114816, -1.700099, 788, -5.846859
3, 2114900, -1.743283, 788, -5.617311
3, 2114984, -1.784408, 787, -5.383661
3, 2115068, -1.804970, 787, -5.142829
3, 2115152, -1.846096, 787, -4.929774
3, 2115236, -1.878995, 788, -4.708500
3, 2115320, -1.907783, 787, -4.488257
3, 2115404, -1.934514, 787, -4.273172
3, 2115488, -1.977695, 788, -4.081747
3, 2115572, -1.990032, 787, -3.868739
3, 2115656, -1.977696, 787, -3.637237
3, 2115740, -1.998257, 788, -3.439671
3, 2115824, -2.016763, 786, -3.250343
3, 2115908, -2.039381, 787, -3.069249
3, 2115992, -2.047606, 788, -2.884054
3, 2116076, -2.047606, 787, -2.699897
3, 2116160, -2.049662, 786, -2.520884
3, 2116244, -2.059943, 788, -2.355247
3, 2116328, -2.078448, 787, -2.198869
3, 2116412, -2.080504, 787, -2.042505
3, 2116495, -2.082560, 787, -1.894377
3, 2116579, -2.092841, 787, -1.755504
3, 2116662, -2.094897, 788, -1.614581
3, 2116746, -2.109290, 788, -1.491144
3, 2116830, -2.113402, 786, -1.369771
3, 2116914, -2.109290, 787, -1.249433
3, 2116998, -2.117515, 788, -1.143494
3, 2117082, -2.117515, 786, -1.036531
3, 2117166, -2.121627, 786, -0.942941
3, 2117250, -2.133964, 785, -0.858606
3, 2117334, -2.133964, 785, -0.769133
3, 2117419, -2.150413, 788, -0.699198
3, 2117504, -2.152469, 788, -0.624127
3, 2117589, -2.148357, 787, -0.547003
3, 2117674, -2.144245, 788, -0.480164
3, 2117758, -2.144245, 788, -0.420522
3, 2117842, -2.140132, 788, -0.364997
3, 2117926, -2.138076, 787, -0.316669
3, 2118010, -2.142188, 787, -0.278624
3, 2118094, -2.156581, 787, -0.254974
3, 2118178, -2.158638, 787, -0.229269
3, 2118262, -2.166862, 788, -0.211790
3, 2118346, -2.154525, 786, -0.185059
3, 2118430, -2.160694, 787, -0.177862
3, 2118514, -2.160694, 789, -0.157299
3, 2118598, -2.154526, 786, -0.137765
3, 2118682, -2.156582, 789, -0.124399
3, 2118766, -2.152469, 786, -0.108978
3, 2118850, -2.150413, 788, -0.086359
3, 2118934, -2.156582, 788, -0.083275
3, 2119018, -2.168918, 789, -0.095611
3, 2119102, -2.158638, 786, -0.080190
3, 2119186, -2.164806, 788, -0.074022
3, 2119270, -2.164806, 787, -0.062713
3, 2119354, -2.166862, 788, -0.059628
3, 2119438, -2.170975, 788, -0.061684
3, 2119522, -2.175087, 787, -0.062713
3, 2119606, -2.173031, 790, -0.056544
3, 2119690, -2.168919, 785, -0.045235
4, 2120441, -2.160694, 785, -0.040095
4, 2120525, -2.150413, 785, -0.033926
4, 2120609, -2.138076, 786, -0.022617
4, 2120693, -2.138076, 788, -0.021589
4, 2120777, -2.127795, 786, -0.009253
4, 2120861, -2.125739, 786, -0.006168
4, 2120945, -2.127795, 788, -0.009253
4, 2121029, -2.125739, 787, -0.004112
4, 2121113, -2.123683, 787, -0.003084
4, 2121196, -2.113402, 786, 0.004112
4, 2121279, -2.107234, 789, 0.013365
4, 2121363, -2.113403, 786, 0.010281
4, 2121447, -2.109290, 789, 0.020561
4, 2121531, -2.107234, 786, 0.022617
4, 2121615, -2.109290, 787, 0.019533
4, 2121699, -2.111346, 788, 0.016449
4, 2121783, -2.107234, 788, 0.018505
4, 2121867, -2.107234, 787, 0.016449
4, 2121951, -2.115459, 787, 0.011309
4, 2122035, -2.111346, 787, 0.015421
4, 2122119, -2.107234, 786, 0.024674
4, 2122203, -2.103122, 788, 0.027758
4, 2122287, -2.099010, 786, 0.033926
4, 2122371, -2.103122, 788, 0.025702
4, 2122455, -2.105178, 788, 0.027758
4, 2122539, -2.103122, 787, 0.028786
4, 2122623, -2.109290, 787, 0.022618
4, 2122707, -2.107234, 788, 0.024674
4, 2122791, -2.111346, 787, 0.020562
4, 2122875, -2.113402, 786, 0.018505
4, 2122959, -2.109290, 787, 0.023646
4, 2123044, -2.096953, 786, 0.035983
4, 2123129, -2.105178, 786, 0.026730
4, 2123213, -2.096954, 786, 0.033926
4, 2123297, -2.094897, 787, 0.034954
4, 2123382, -2.092841, 788, 0.037010
4, 2123466, -2.092841, 787, 0.039067
4, 2123550, -2.094897, 788, 0.040095
4, 2123634, -2.096954, 786, 0.038039
4, 2123718, -2.088729, 787, 0.040095
4, 2123802, -2.103122, 787, 0.028786
4, 2123886, -2.115459, 786, 0.017477
4, 2123970, -2.131908, 787, 0.003084
4, 2124054, -2.142189, 785, -0.002056
4, 2124138, -2.142189, 786, -0.007197
4, 2124222, -2.150413, 786, -0.012337
4, 2124306, -2.152469, 787, -0.012337
4, 2124390, -2.148357, 787, -0.011309
4, 2124474, -2.162750, 788, -0.019533
4, 2124558, -2.173031, 787, -0.029814
4, 2124642, -2.173031, 788, -0.032898
4, 2124725, -2.164806, 786, -0.025702
4, 2124809, -2.150413, 786, -0.020561
4, 2124893, -2.142188, 786, -0.017477
4, 2124977, -2.142188, 785, -0.016449
4, 2125061, -2.144244, 787, -0.016449
4, 2125145, -2.148357, 786, -0.020561
4, 2125229, -2.150413, 787, -0.021589
4, 2125313, -2.148357, 788, -0.016449
4, 2125397, -2.148357, 787, -0.018505
4, 2125481, -2.146301, 788, -0.019533
4, 2125565, -2.152469, 787, -0.024674
4, 2125649, -2.150413, 788, -0.025702
4, 2125733, -2.152469, 783, -0.024674
4, 2125817, -2.152469, 787, -0.023646
4, 2125901, -2.152469, 787, -0.024674
4, 2125985, -2.144245, 787, -0.017477
4, 2126069, -2.140132, 786, -0.016449
4, 2126153, -2.138076, 788, -0.013365
4, 2126237, -2.136020, 787, -0.011309
4, 2126321, -2.140132, 788, -0.015421
4, 2126405, -2.150413, 786, -0.026730
4, 2126489, -2.154525, 788, -0.024674
4, 2126573, -2.154525, 788, -0.028786
4, 2126656, -2.152469, 788, -0.028786
4, 2126740, -2.154525, 788, -0.030842
4, 2126824, -2.156581, 788, -0.031870
4, 2126908, -2.156581, 788, -0.030842
4, 2126992, -2.160693, 788, -0.031870
4, 2127076, -2.164806, 787, -0.038038
4, 2127160, -2.160694, 788, -0.028786
4, 2127243, -2.152469, 788, -0.018505
4, 2127327, -2.146301, 789, -0.007196
4, 2127411, -2.129852, 787, 0.006169
4, 2127495, -2.131908, 788, 0.005140
4, 2127579, -2.125739, 786, 0.012337
4, 2127663, -2.121627, 788, 0.015421
4, 2127747, -2.127796, 786, 0.010281
4, 2127831, -2.121627, 788, 0.020561
4, 2127915, -2.121627, 786, 0.025702
4, 2127999, -2.121627, 786, 0.025702
4, 2128083, -2.131908, 786, 0.016449
4, 2128167, -2.148357, 786, 0.001028
4, 2128252, -2.160694, 786, -0.009253
4, 2128337, -2.148357, 787, -0.003084
4, 2128422, -2.142189, 787, 0.001028
4, 2128507, -2.140133, 785, 0.004112
4, 2128591, -2.138077, 786, 0.006168
4, 2128675, -2.142189, 786, 0.003084
4, 2128759, -2.142189, 786, 0.003084
4, 2128843, -2.144245, 787, 0.001028
4, 2128927, -2.146301, 786, 0.003084
4, 2129011, -2.150413, 787, -0.000000
4, 2129095, -2.154526, 788, -0.001028
4, 2129179, -2.154526, 788, -0.001028
4, 2129263, -2.154526, 786, -0.001028
4, 2129346, -2.162750, 785, -0.009253
4, 2129430, -2.170975, 787, -0.015421
4, 2129514, -2.170975, 785, -0.016449
4, 2129598, -2.177143, 787, -0.020561
4, 2129682, -2.173031, 785, -0.016449
4, 2129766, -2.173031, 786, -0.011309
4, 2129850, -2.170975, 785, -0.008225
4, 2129934, -2.166862, 786, -0.006169
4, 2130018, -2.170974, 785, -0.009253
4, 2130102, -2.177143, 786, -0.011309
4, 2130186, -2.187423, 788, -0.015421
4, 2130270, -2.185367, 787, -0.014393
4, 2130354, -2.185367, 789, -0.012337
4, 2130438, -2.189479, 787, -0.012337
4, 2130522, -2.195648, 785, -0.017477
4, 2130606, -2.205928, 790, -0.026730
4, 2130690, -2.210040, 788, -0.031870
4, 2130774, -2.218265, 786, -0.044207
4, 2130858, -2.226489, 788, -0.047291
4, 2130942, -2.228546, 786, -0.051403
4, 2131026, -2.240882, 789, -0.059628
4, 2131110, -2.238826, 790, -0.055515
4, 2131194, -2.232658, 791, -0.055515
4, 2131278, -2.232658, 788, -0.055515
4, 2131362, -2.236770, 789, -0.057571
4, 2131446, -2.228546, 790, -0.048319
4, 2131530, -2.226490, 788, -0.039066
4, 2131614, -2.224433, 792, -0.031870
4, 2131698, -2.228546, 789, -0.040094
4, 2131782, -2.226490, 794, -0.042150
4, 2131866, -2.226490, 799, -0.043178
4, 2131950, -2.224434, 798, -0.043178
4, 2132034, -2.214153, 787, -0.035982
4, 2132118, -2.214153, 788, -0.035982
4, 2132202, -2.216209, 790, -0.035982
4, 2132286, -2.212097, 791, -0.032898
4, 2132370, -2.210041, 790, -0.029814
4, 2132454, -2.207985, 787, -0.026729
4, 2132538, -2.207985, 788, -0.026729
4, 2132621, -2.210041, 790, -0.027758
4, 2132704, -2.203872, 793, -0.020561
4, 2132788, -2.197704, 798, -0.013365
4, 2132872, -2.191536, 795, -0.010280
4, 2132956, -2.189479, 793, -0.006168
4, 2133040, -2.187423, 795, -0.007196
4, 2133124, -2.177143, 798, -0.002056
4, 2133208, -2.175087, 793, -0.002056
4, 2133292, -2.181255, 791, -0.007196
4, 2133377, -2.175087, 789, -0.002056
4, 2133462, -2.166862, 789, 0.005140
4, 2133547, -2.162750, 789, 0.012336
4, 2133632, -2.160694, 789, 0.012336
4, 2133716, -2.156582, 788, 0.014393
4, 2133800, -2.160694, 788, 0.014393
4, 2133884, -2.156582, 789, 0.019533
4, 2133968, -2.152470, 791, 0.026729
4, 2134052, -2.146301, 789, 0.031870
4, 2134136, -2.150413, 788, 0.033926
4, 2134220, -2.142189, 787, 0.042150
4, 2134304, -2.140133, 788, 0.044206
4, 2134388, -2.138077, 788, 0.051403
4, 2134472, -2.136021, 789, 0.051403
4, 2134556, -2.136021, 787, 0.048319
4, 2134639, -2.125740, 787, 0.053459
4, 2134723, -2.123684, 789, 0.056543
4, 2134807, -2.125740, 789, 0.051403
4, 2134891, -2.121628, 789, 0.052431
4, 2134975, -2.119572, 788, 0.052431
4, 2135059, -2.113403, 787, 0.057571
4, 2135142, -2.115459, 788, 0.055515
4, 2135226, -2.121628, 787, 0.052431
4, 2135310, -2.121628, 789, 0.051403
4, 2135394, -2.127796, 787, 0.043178
4, 2135478, -2.127796, 788, 0.043178
4, 2135562, -2.121628, 786, 0.047291
4, 2135646, -2.125740, 788, 0.043178
4, 2135730, -2.133964, 788, 0.038038
4, 2135814, -2.123684, 788, 0.042150
4, 2135898, -2.121628, 787, 0.043178
4, 2135982, -2.117515, 787, 0.046263
4, 2136066, -2.115459, 788, 0.044207
4, 2136150, -2.123684, 787, 0.037010
4, 2136234, -2.123684, 789, 0.033926
4, 2136318, -2.115459, 790, 0.037010
4, 2136402, -2.123684, 789, 0.031870
4, 2136486, -2.125740, 787, 0.025701
4, 2136570, -2.125740, 790, 0.024673
4, 2136654, -2.123684, 789, 0.028786
4, 2136738, -2.117515, 789, 0.028786
4, 2136822, -2.121627, 789, 0.022617
4, 2136906, -2.121627, 789, 0.020561
4, 2136990, -2.127796, 788, 0.016449
4, 2137074, -2.129852, 787, 0.013365
4, 2137158, -2.136020, 788, 0.012337
4, 2137242, -2.136020, 788, 0.010281
4, 2137325, -2.136020, 787, 0.008225
4, 2137409, -2.148357, 788, -0.001028
4, 2137493, -2.146301, 787, 0.002056
4, 2137577, -2.144244, 788, -0.001028
4, 2137661, -2.144244, 787, -0.002056
4, 2137745, -2.148357, 787, -0.005140
4, 2137829, -2.150413, 787, -0.007196
4, 2137913, -2.144244, 786, -0.004112
4, 2137997, -2.148357, 787, -0.011308
4, 2138081, -2.150413, 788, -0.013365
4, 2138164, -2.144244, 787, -0.009252
4, 2138248, -2.150413, 788, -0.014393
4, 2138332, -2.154525, 786, -0.017477
4, 2138416, -2.160693, 787, -0.023645
4, 2138500, -2.166862, 787, -0.025701
4, 2138584, -2.164806, 789, -0.021589
4, 2138669, -2.158637, 789, -0.018505
4, 2138754, -2.150413, 787, -0.011308
4, 2138839, -2.150413, 787, -0.011308
4, 2138924, -2.150413, 787, -0.014392
4, 2139008, -2.136019, 789, -0.005140
4, 2139092, -2.129851, 790, 0.002057
4, 2139176, -2.136019, 788, -0.006168
4, 2139260, -2.127795, 787, -0.003084
4, 2139344, -2.127795, 788, -0.005140
4, 2139428, -2.131907, 788, -0.008224
4, 2139512, -2.121626, 789, 0.001029
4, 2139596, -2.121626, 789, 0.001029
4, 2139680, -2.127795, 787, -0.006168
4, 2139764, -2.119570, 787, 0.002057
4, 2139848, -2.121626, 789, 0.002057
4, 2139932, -2.113402, 790, 0.006169
4, 2140016, -2.111346, 788, 0.006169
4, 2140100, -2.119570, 787, -0.001028
4, 2140184, -2.111346, 787, 0.005141
4, 2140268, -2.101065, 790, 0.010281
4, 2140352, -2.096953, 790, 0.015421
4, 2140436, -2.088728, 789, 0.020562
4, 2140520, -2.061999, 786, 0.037011
4, 2140604, -2.064055, 790, 0.035983
4, 2140688, -2.049662, 796, 0.043179
4, 2140772, -2.037325, 799, 0.055516
4, 2140856, -2.039381, 799, 0.053460
4, 2140940, -2.041437, 795, 0.051404
4, 2141024, -2.043493, 794, 0.050376
4, 2141108, -2.031157, 792, 0.058600
4, 2141192, -2.033213, 794, 0.058600
4, 2141276, -2.045550, 792, 0.049347
4, 2141360, -2.045550, 794, 0.051404
4, 2141444, -2.033213, 793, 0.058600
4, 2141527, -2.041437, 792, 0.051403
4, 2141611, -2.033213, 791, 0.058600
4, 2141695, -2.020876, 794, 0.066824
4, 2141779, -2.022932, 790, 0.068881
4, 2141863, -2.016764, 789, 0.075049
4, 2141947, -2.004427, 790, 0.080189
4, 2142031, -2.006483, 791, 0.076077
4, 2142115, -2.010595, 790, 0.069909
4, 2142199, -2.012651, 791, 0.068881
4, 2142283, -2.008539, 789, 0.070937
4, 2142367, -2.024988, 789, 0.055515
4, 2142451, -2.031157, 789, 0.049347
4, 2142535, -2.035269, 790, 0.050375
4, 2142619, -2.039381, 789, 0.044207
4, 2142703, -2.049662, 788, 0.039066
4, 2142787, -2.039381, 789, 0.046263
